sentence,label
PeopleX be not disturb the peace and PersonX do not support PeopleX share significant difference regarding some property. PeopleX be not disturb the peace and PersonY do not support PeopleX share significant difference regarding some property.,1
PeopleX be use PeopleX power result in PersonX do not give a damn about intention now. PeopleX be use PeopleX power result in PersonY do not give a damn about intention now.,1
"PeopleX can deny PersonX happens because PersonX dont believe. When PeopleX do not want to hire PersonX happens, PeopleX can deny PersonX can happen. PersonX dont believe is a preferred alternative situation to the only thing require be.",0
PeopleX do not even see PersonX happens before PeopleX pass PersonX. PeopleX do not even see PersonX is an alternative situation to PersonX be walk too slow.,1
PeopleX do not greet anyone and PeopleX just look at PersonX share significant difference regarding some property. PeopleX do not greet anyone and PeopleX just look at PersonY share significant difference regarding some property. PeopleX just look at PersonX happens before PersonX need something. PeopleX just look at PersonX happens before PersonX say something.,1
PeopleX do not receive PeopleX food happens before PeopleX go up. PeopleX do not receive PeopleX food happens before PeopleX tell PeopleY.,1
"PeopleX get frustrate happens the same time as PeopleX do not respond. PeopleX get frustrate happens the same time as PersonX forget about PeopleX. people will stop play happens the same time as PeopleX get frustrate. When the game make happens, people will stop play can happen. When PeopleX get the feeling happens, people will stop play can happen.",1
PeopleX have no information is a preferred alternative situation to PeopleX response be try to show a different perspective on topic. PeopleX know people and PeopleX have no information share significant difference regarding some property. PeopleX know people result in PersonX be guess by end. PeopleX know people result in PersonY be guess by end.,1
PeopleX have two species and the other be good too share significant difference regarding some property. PeopleX have two species is an alternative situation to PersonX be mistaken. PeopleX have two species is an alternative situation to PersonY be mistaken.,1
PeopleX make fun of PeopleY and PeopleX be in the same boat share significant difference regarding some property. PeopleX make fun of PeopleY happens because PeopleY can not swim. PeopleX make fun of PeopleY happens because PeopleY help. PeopleX be in the same boat happens because PersonX be the PersonY. PeopleX be in the same boat happens because PersonY be the PersonX.,1
PeopleX will be destroy happens before PersonX can help yourselve. PeopleX will be destroy happens before PersonY can help yourselve. PeopleX will be destroy happens after PeopleX have be prisoner. the dems insist result in PeopleX will be destroy. the dems insist result in PeopleX will lose.,1
PeopleX will have time to chat happens before the other monopolise. PeopleX will have time to chat happens before the other come PersonX. PeopleX will have time to chat happens before the other come PersonY.,1
PeopleX will not be get and now PersonX will have to say share significant difference regarding some property. PeopleX will not be get and now PersonY will have to say share significant difference regarding some property. PersonX order a double happens the same time as PersonY do not know PeopleX. PersonX order a double happens the same time as PeopleX will not be get. PersonX order a double happens the same time as the PersonY tell PersonX.,1
PeopleX will not believe anything tomorrow happens because PersonX have hallucination. PeopleX will not believe anything tomorrow happens because PersonY have hallucination. PeopleX will not believe anything tomorrow happens because PersonX will show.,1
PeopleX would be squishy happens because PersonX have never touch one. PeopleX would be squishy happens because PersonY have never touch one.,1
PeopleX would have to figure out and two stand out for PersonX share significant difference regarding some property. PeopleX would have to figure out is an alternative situation to two stand out for PersonX. PeopleX would have to figure out and two stand out for PersonY share significant difference regarding some property. PeopleX would have to figure out is an alternative situation to two stand out for PersonY. PeopleX would have to figure out happens before PeopleX could go.,1
PersonX be a high school student and PersonY be PersonX teacher both happen. PersonX be a high school student and PersonY have not reach PersonX yet share significant difference regarding some property. PersonX first encounter happens the same time as PersonX be a high school student. PersonX first encounter happens the same time as PersonX walk in store.,1
"PersonX be further happens because PersonX die. PersonY would do anything happens although PersonX be further. When PeopleX even realise happens, PersonX be further can happen.",1
PersonX be gon na tell PeopleX happens before PersonX be gon na go out. people be gon na find out happens because PersonX be gon na tell PeopleX. people be gon na find out happens because PersonY be gon na tell PeopleX.,1
"PersonX be in the mood for food and PersonX husband be in the mood both happen. PersonX be in the mood for food and some texas hold 'em both happen. PersonX be in the mood for food happens the same time as PersonX be back in vegas. PersonX be in the mood for food and PersonX be in the area both happen. When PersonX be in the area happens, PersonX do not mind come can happen. PersonX do not mind come happens the same time as PersonX be in the mood for food.",1
"PersonX be more quiet happens because PersonX can not speak. PersonX be more quiet and PersonX would not be bind share significant difference regarding some property. When PersonX do not keep quiet happens, PersonX will not get well can happen. PersonX will not get well happens before PersonX be more quiet. PersonX will not get well is an alternative situation to PersonY put the idea into head.",1
PersonX be not like the rest of PersonY and PersonX would get well both happen. PersonX be not like the rest of PersonY and PersonX do something both happen. PersonX be not like the rest of PersonY and PersonY respect PersonX both happen.,1
PersonX be not play now result in PersonX can not check. PersonX will not play and PersonX be ready share significant difference regarding some property. PersonX will not play happens before PersonX be ready. PersonX will not play happens because PersonX be not play now. PersonX will not play is an alternative situation to the strike be settle.,1
PersonX be the same PersonZ happens the same time as PersonY be the same PersonA. PersonX be the same PersonZ and PersonY would not have know PersonX share significant difference regarding some property.,1
PersonX body give out happens because PersonX have a eating disorder. PersonX body give out result in PersonX can not enjoy life anymore. PersonX body give out is an alternative situation to PersonX die.,0
PersonX can not give one star result in PersonX give one. PersonX can not give one star happens because the service suck. PersonX have one star happens because the service center be good. PersonX have one star happens because PersonX have too. PersonX have one star happens because PersonX can not give one star.,1
PersonX can not tell PeopleX apart happens because PersonX can not see PeopleX gum. PersonX can not tell PeopleX apart happens because PeopleX do not smile. PersonX can not tell PeopleX apart is an alternative situation to PersonX know the secret. PersonY can not tell PeopleX apart happens because PeopleX do not smile. PeopleX make olive oil out oil result in PersonX can not tell PeopleX apart. PeopleX make olive oil out oil result in PersonY can not tell PeopleX apart. PeopleX do not smile result in PersonX can not see PeopleX gum.,0
PersonX could kill PersonZ happens the same time as PersonY turn away. PersonX could kill PersonZ and PersonY would take PersonZ place share significant difference regarding some property. PersonX could kill PersonZ happens before PersonY even reach PersonX.,1
PersonX do not mean to be a asshole and PersonX be under the impression share significant difference regarding some property. PersonX do not mean to be a asshole and PersonX check out PersonY post history share significant difference regarding some property. PersonX do not mean to be a asshole and just the way thing be share significant difference regarding some property. PersonX check out PersonY post history happens the same time as now PersonX see. PersonX check out PersonY post history happens the same time as PeopleX have the same lingerie.,1
PersonX do not provide one is a preferred alternative situation to PersonX mention again. PersonX do not provide one is a preferred alternative situation to PersonX be just voice complainer ' view. PersonX do not provide one and PersonX ask for one share significant difference regarding some property.,1
PersonX do not read the review result in PersonX be expect a restaurant. PersonX do not read the review happens before PersonX book. PersonX do not read the review happens because PersonX do not experience any.,1
PersonX do not want to go to school result in PersonX stay home. PersonX do not want to go to school and PersonY never tell PersonX share significant difference regarding some property. PersonX do not want to go to school and PersonX would go now to pap share significant difference regarding some property.,1
"PersonX fall off is an alternative situation to PersonY kinda. When PersonX fall off happens, PersonX would be electrocute can happen. When PersonX fall down happens, PersonX would be electrocute can happen. When PersonX try to move happens, PersonX would be electrocute can happen.",1
PersonX go for PersonY and PersonY have not come soon both happen. PersonY spook PersonX and PersonY shoot PersonX both happen. PersonY spook PersonX and PersonX go for PersonY both happen. PersonY spook PersonX happens the same time as PersonX do not like PersonY.,1
PersonX have a heart problem result in PersonX can not partake. the americans be very nice happens because PersonX have a heart problem. the americans be very nice happens because PersonY have a heart problem.,1
"PersonX have a triumph happens the same time as PersonX go home. When PersonX would not listen to reason happens, PersonX have a triumph can happen. PersonX would not listen to reason happens because PersonX propose. PersonX would not listen to reason result in PersonX deserve. When PeopleX could take happens, PersonX would not listen to reason can happen.",1
PersonX have be act strange ever happens after PeopleX get home. PersonX have be act strange ever happens after PersonX come back from trip. PersonX have be act strange ever happens after PersonY be fall for PersonX.,1
PersonX have go a quarter of mile happens before PersonX turn to go back. PersonX have go a quarter of mile happens before PersonX have be tryin.,1
PersonX have no future happens because PersonX be go to die soon. PersonX have no future happens because PersonX be break time. PersonX have no future and PersonX have boob share significant difference regarding some property. PersonX just want to change happens because PersonX have no future. PersonX just want to change happens before PeopleX go to office.,1
PersonX have no idea wtf happens before PersonX see the answer. PersonX have no idea wtf happens because PersonX drift off to sleep.,0
PersonX have no peace of mind happens before PersonX get up. PersonX have no peace of mind happens before PersonX reach the place.,1
PersonX have to make the argument and PersonX talk to PersonY both happen. PersonX have to make the argument and PersonY will believe both happen. PersonX have to make the argument and PersonX be fail to do so both happen. PersonX fail to do so and the answer would have to be both happen. PersonX be fail to do so happens after PersonX fail to do so.,1
PersonX just do not remember happens because the game drop. PersonX would love to tell PersonY and PersonX would be lie share significant difference regarding some property. PersonX would love to tell PersonY and PersonX just do not remember share significant difference regarding some property. PersonX would love to tell PersonY and PeopleX will not let share significant difference regarding some property.,1
PersonX may be PersonY son and PersonX be not PersonY child anymore share significant difference regarding some property. PersonX may be PersonY son and PersonX be not PersonY child share significant difference regarding some property. PersonX may be PersonY son and PersonY do not own PersonX share significant difference regarding some property.,1
PersonX must shoot PersonY happens before PersonY shoot PersonX. PersonY be a wild beast happens although PersonX must shoot PersonY.,1
PersonX pass down the street happens before PersonX judge. PersonX pass down the street happens before PersonX be out sight of house. PersonX be out sight of house happens before PersonX have leave PersonY. PersonX be out sight of house happens before PersonY could have realize. PersonX be out sight of house happens before PersonX have in morning.,1
PersonX pull down the blind happens because PeopleX have some important talk. PersonX pull down the blind happens before PersonX face PeopleX. PersonX pull down the blind result in no one should see.,1
PersonX really do not like PersonY happens the same time as PeopleX make noise. PersonX really do not like PersonY result in PersonY stay dead. PersonX really do not like PersonY and PersonX do too share significant difference regarding some property. PersonX be the worst person ever and PersonX really do not like PersonY share significant difference regarding some property. PersonX be the worst person ever is an alternative situation to PersonX do not deserve.,1
PersonX simply do not exist and thing would not be so bad both happen. PersonY simply do not exist and thing would not be so bad both happen. PeopleX can not comprehend god happens because PersonX simply do not exist. PeopleX can not comprehend god happens because PersonY simply do not exist. PeopleX can not comprehend god and PeopleX can not comprehend PersonX both happen. PeopleX can not comprehend PersonX happens the same time as PersonX argue for principle.,1
"PersonX slide forward happens before PersonX could reach out. PersonX slide forward happens before PersonX foot touch the ground. PersonX slide forward happens before PersonX be so close. When PersonX still have a way happens, PersonX could reach out can happen.",1
PersonX try to mount restates vaughan mount. PersonY try to mount restates vaughan mount.,1
"PersonX want thai food and PersonX would not go out of way share significant difference regarding some property. PersonX new go to place happens the same time as PersonX want thai food. PersonX new go to place happens the same time as PersonX be in lv. When PersonX be ever in canada happens, PersonX new go to place can happen.",1
PersonX want to drive PersonX car over PersonY result in the room would just make. PersonX want to drive PersonX car over PersonY result in PersonX feel worse.,1
PersonX want to meet PersonY tomorrow afternoon and PersonY would sleep then share significant difference regarding some property. PersonX want to meet PersonY tomorrow afternoon happens after PersonY work night. PersonX want to meet PersonY tomorrow afternoon and PersonY work night share significant difference regarding some property.,1
PersonX want to thank PersonY for all happens before PersonX go back to texas. PersonX want to thank PersonY for all happens because PersonX be retire. PeopleX will ever meet again and PersonX want to thank PersonY for all share significant difference regarding some property. PeopleX will ever meet again and PersonY want to thank PersonX for all share significant difference regarding some property. PeopleX will ever meet again and PersonX have do for PersonY share significant difference regarding some property.,1
PersonX will give PersonY a piece of advice happens the same time as the cook draw again. PersonX will give PersonY a piece of advice and PersonY be wise both happen. PersonY will give PersonX a piece of advice happens the same time as the cook draw again. now PeopleX be friend again and PersonX will give PersonY a piece of advice both happen. now PeopleX be friend again and PersonY will give PersonX a piece of advice both happen.,1
PersonX will not go away happens before PersonY calm down. PersonX will not go away happens before PersonX try to do some mischief. PersonX will not go away and PersonY be always tell PersonX share significant difference regarding some property. wed take further action happens the same time as PersonX will not go away. wed take further action happens the same time as PersonY will not go away.,0
PersonX will not remember a thing happens the same time as PersonX wake up. PersonX will not remember a thing and PersonY just give PersonX share significant difference regarding some property. PersonX will not remember a thing and PersonX will obey the order share significant difference regarding some property.,1
PersonX will still be alive happens the same time as PersonX number come up. PersonX will still be alive happens the same time as PersonY be all dead. rick be go to die result in PersonX will still be alive. rick be go to die result in PersonY will still be alive. rick be go to die result in the show close.,1
"PersonX would be nothing and PersonX would be a strategic partner for PeopleX both happen. PersonX would be nothing and PersonX would never accomplish anything both happen. When PersonX be not a wizard happens, PersonX would be nothing can happen. PersonX be not a wizard happens the same time as PersonX magic act fail.",1
PersonY 's sport include happens the same time as PersonX 's sport include. PersonX 's sport include happens the same time as PersonY 's sport include. PersonX 's sport include happens the same time as PersonY 's sport include basketball.,1
PersonY be PersonY best self happens the same time as PersonY start in october. PersonY be PersonY best self happens the same time as PersonY be at a music festival. PersonX choose to marry PersonY and PersonY be PersonY best self both happen. PersonX choose to marry PersonY and two PersonX decide both happen.,1
PersonY be happy about PersonX happens before the company succeed. PersonY be happy about PersonX happens before PersonY love PersonZ service.,1
PersonY be in for a year happens before PersonY even tell PersonY parent. PersonY be in for a year happens before PersonY tell PersonY parent.,1
"PersonY be just too young is an exception of PersonY would have get the part. PersonY would get the part happens the same time as PersonY do not have much in common. When PersonY would get the part happens, PersonY would have say in movie can happen. When PersonY would have get the part happens, PersonY would have say in movie can happen.",1
PersonY be middle eastern result in PersonY know good food. PersonY be middle eastern result in PersonY be a hard judge. PersonY be the weird one happens because PersonY be not interested. PersonY be the weird one happens because PersonY be middle eastern. PersonY be the weird one happens because PersonY be autistic.,1
PersonY be more experienced than PersonX result in PeopleX hand meet. PersonY be more experienced than PersonX result in PersonX do not know better \. PersonY be more experienced than PersonX result in PersonX do back. PersonX do back happens because PersonX do not know better \.,1
PersonY be not PersonX sister and PersonX must be PersonY brother share significant difference regarding some property. PersonY doe for heauen result in PersonX must be PersonY brother. PersonY doe for heauen result in PersonY be not PersonX sister. PersonX sonne be not PersonY brother result in PersonY be not PersonZ sister. PersonX sonne be not PersonY brother happens before PersonY doe for heauen.,1
PersonY be not be see happens after PeopleX break out. PersonY be not be see happens after the emergency begin.,1
"PersonY be not in a huge hurry and PeopleX take care of share significant difference regarding some property. When PersonY be in the area happens, PersonY be not in a huge hurry can happen.",1
PersonY be not talk about muslim happens although PersonX start talk about nothing. PersonY be talk about nation happens before PersonX start talk about nothing. PersonY be talk about nation happens before PersonY be not talk about muslim.,1
PersonY be secretary of state and PersonX be work for PersonY both happen. PersonY be secretary of state happens the same time as PersonY speak at harvard. PersonY be secretary of state and PersonY be minister of state both happen. PersonX be work for PersonY and PersonX now be both happen. PersonX be work for PersonY and PersonX be PersonY puppet both happen.,0
PersonY believe in socialism and clearly PersonY dont share significant difference regarding some property. PeopleX can have nice thing and PeopleX can not let share significant difference regarding some property. PeopleX can have nice thing is an alternative situation to PersonX believe in socialism. PeopleX can have nice thing is an alternative situation to PersonY believe in socialism. PersonX believe in socialism and clearly PersonX dont share significant difference regarding some property.,1
"PersonY can have a baby happens before PersonY begin PersonY residency. PersonY can have a baby is an alternative situation to PersonY adopt a child. nothing have change restates PersonY can have a baby. PersonX would like to donate sperm result in PersonY can have a baby. When PersonY can have a baby happens, ann perkins ask PersonX can happen. ann perkins ask PersonX result in PersonY can have a baby. When PersonX would like to donate sperm happens, ann perkins ask PersonX can happen.",1
PersonY can smell the delicious food happens after PersonY step out of elevator. PersonX can smell the delicious food happens after PersonX step out of elevator. PeopleX be super busy of time happens because PersonX can smell the delicious food. PeopleX be super busy of time happens because PersonY can smell the delicious food. PeopleX be super busy of time and PersonX be the only customer in room share significant difference regarding some property.,0
PersonY confidence will grow happens after PersonY see PersonY body change. PersonY confidence will grow result in PersonY start work out. PersonY see PersonY body change result in PersonY start work out. PersonY start work out happens because PersonY question PersonY self worth. PersonY start work out happens because PersonY finally have the time. PersonY start work out result in PersonY want to share.,1
"PersonY convict result in one can not say. PeopleX will fight to have is a preferred alternative situation to PersonX convict. PeopleX will fight to have is a preferred alternative situation to PersonY convict. PersonX convict result in one can not say. When PersonX be release happens, PersonX convict can happen.",1
"PersonY do not want to throw away and PersonY will never use share significant difference regarding some property. PersonY do not want to throw away happens because PersonY kinda. PersonY will never use happens the same time as PersonY can carry more. PersonY will never use happens because PersonY be a human. When PersonY can not know happens, PersonY will never use can happen.",1
PersonY even like PersonX happens the same time as PeopleX first introduce PersonX. PersonY even like PersonX result in PersonY might like PersonX. PersonY even like PersonX and PersonY accept PersonX share significant difference regarding some property. PersonY even like PersonX and PersonY accept PersonX both happen. PersonY might like PersonX and PersonX will probably never know both happen.,1
PersonY expect the same happens the same time as PersonY be spend PersonY hard earn. PersonY place PersonY on hold happens before PersonY hang up. PersonY place PersonY on hold happens before PersonY call back. PersonY place PersonY on hold result in PersonY expect the same.,1
"PersonY fear PersonY happens the same time as PersonX waste. When PeopleX would bring PeopleY back happens, PersonY fear PersonY can happen. PersonY would give PersonY soul and PersonY have no one share significant difference regarding some property. When PersonY have one happens, PersonY would give PersonY soul can happen. PersonY would give PersonY soul and PersonY fear PersonY share significant difference regarding some property.",1
PersonY have a so happens although PersonX finally catch PersonY. PersonY just get pregnant happens although PersonX finally catch PersonY.,1
PersonY have be PersonX best friend happens after the first day PersonX meet PersonY. PersonY have be PersonX best friend happens after PeopleX be old. PersonX only warn PersonY happens because PersonX dare. PersonX only warn PersonY happens because PersonY have be PersonX best friend.,1
PersonY have not choose PersonX and PersonY should go share significant difference regarding some property. PersonY have not choose PersonX and PersonX have choose PersonY share significant difference regarding some property. PersonY have not choose PersonX and PersonY bring share significant difference regarding some property.,1
PersonY have only know PersonX for month result in PersonY do not know PersonX well. PersonY have only know PersonX for month and PersonY can not realize share significant difference regarding some property. PersonY have only know PersonX for month and PersonY do not know PersonX share significant difference regarding some property. PersonY have only know PersonX for month happens the same time as PersonY do not know PersonX.,1
PersonY have the gift of gab and PersonY be not a smart PersonX share significant difference regarding some property. PersonY have the gift of gab and PeopleX do not want gab share significant difference regarding some property. PersonY be not a smart PersonX and PersonY have learn from mistake share significant difference regarding some property.,1
PersonY have to marry result in PersonX go the same. PersonY have to marry happens because PersonY get pregnant. PersonY have to marry happens before PersonY come to country.,1
PersonY lock PersonX in room and PersonY pull out a pistol share significant difference regarding some property. PersonY lock PersonX in room and PersonX blurt out share significant difference regarding some property. PersonX take PersonY boom boom boom and PersonY really do take PersonX seagull cup share significant difference regarding some property. PersonX take PersonY boom boom boom and PersonY lock PersonX in room share significant difference regarding some property.,1
PersonY make the tape happens because PersonY be not good. PersonY make the tape happens because PersonY do not trust PeopleX. PersonY make the tape happens because the abuse take place. PersonY do not trust PeopleX happens because PeopleX trust trump.,1
PersonY might have to try a few different one happens before PersonY find a group. PersonY might have to try a few different one happens before PersonY find one.,1
PersonY must have forget PersonX is an alternative situation to PersonY be indifferent to PersonX. PersonY must have forget PersonX is an alternative situation to PersonY be incapable of love. PersonY be indifferent to PersonX is an alternative situation to PersonY be incapable of love.,1
PersonY need a new job happens before PersonY run of business. PersonY need a new job result in PersonY join PeopleX. can PersonX give PersonY a example happens because PersonY be way too high. can PersonX give PersonY a example happens because PersonY need a new job.,1
PersonY pay for parking result in PeopleX be leave now. PersonY pay for parking result in PersonX be out PersonX mind. PersonY pay for parking happens before PersonY check out.,1
PersonY save the picture result in PersonY could see the difference. anyone be interested happens although PersonY save the picture. PersonY save the picture happens because PersonY be save the picture for tory.,1
"PersonY should try to find out result in PersonY can make a inform decision. PersonY should try to find out result in PersonY can get PersonX help. When PersonX have a record happens, PersonY should try to find out can happen. PersonY can make a inform decision happens the same time as PersonY have more experience in game.",1
PersonY use to be a member and PersonY move away share significant difference regarding some property. PersonY use to be a member and PersonY have to cancel PersonY membership share significant difference regarding some property. PersonY be not a review person and PersonY could not resist share significant difference regarding some property. PersonY be not a review person and PersonY use to be a member share significant difference regarding some property.,1
"PersonY want to be PeopleX friend and PersonY have to hold back share significant difference regarding some property. PersonY want to be PeopleX friend happens because PersonY deserve better. When PersonY want to be PeopleX friend happens, PersonY have to pass a test can happen. PersonY have to pass a test happens before PersonY can see PersonX. PersonY have to hold back happens because PersonY just know.",1
PersonY will give PersonX the first happens before PersonY will give PersonX a look. PersonY will give PersonX the first and PersonY will give PersonX a look both happen. PersonY will give PersonX the first happens before a PersonZ come. PersonY will give PersonX the first and a PersonZ come both happen. PersonY will give PersonX the first happens before whom PersonY do not like. PersonY will give PersonX the first and whom PersonY do not like both happen. whom PersonY do not like and PersonY feel instinctively both happen.,1
PersonY will go more to sea result in PersonY may not pass by oven. PersonY will go more to sea result in PersonX calleth PersonY. PersonY will go more to sea result in PersonY have none.,1
"PersonY will have the money is an alternative situation to PersonY will crush PersonX. PersonY will have the money happens the same time as ye come back. PersonY will see PersonX in day happens the same time as PersonX eventually catch up. PersonY will see PersonX in day and PersonY will have the money both happen. When all go well happens, PersonY will see PersonX in day can happen.",0
PersonY will make love to PersonX happens the same time as PersonY be still a child. PersonX be PersonY sister happens although PersonY will make love to PersonX.,1
"PersonY will never wear PeopleX result in PersonY might just sell PeopleX. PersonY be look for boost result in PersonY can play on fp. PersonY be look for boost and PersonY be open to offer share significant difference regarding some property. PersonY be open to offer happens because PersonY might just sell PeopleX. PersonY be open to offer happens because PersonY will never wear PeopleX. When PersonX be interested happens, PersonY be open to offer can happen.",1
PersonY would like to be sure happens before PersonY buy anything. PersonY would like to be sure happens before PersonX die. PersonY would like to be sure happens before everyone do.,1
"PersonY would probably be back happens after business pick up. jerk chicken be amazing happens although PersonY would probably be back. PersonY would probably be back happens because jerk chicken be amazing. When PersonY be in the area happens, PersonY would probably be back can happen.",1
"When PeopleX have a job happens, PersonY hope would be can happen. PersonY hope would be is an alternative situation to PeopleX sign. PeopleX have a job result in PersonX just vacate the premise. PeopleX have a job result in PersonY just vacate the premise.",1
"When PeopleX know PersonY age happens, PeopleX would ban PersonY can happen. PeopleX would ban PersonY is an alternative situation to PersonY outright tell PeopleX. PeopleX would ban PersonY is an alternative situation to PersonY be break the term of service.",1
"When PersonX be in a private room happens, PersonY could only see PersonX can happen. When PersonX put to PersonZ happens, PersonY would be charm can happen. When PersonY could only see PersonX happens, PersonY would be charm can happen. When PersonX would enlighten PersonY happens, PersonY would be charm can happen.",0
"When PersonX be not actually tired happens, PersonX will not sleep well can happen. PersonX will not sleep well happens before PersonX hear from PersonY.",1
"When PersonX be queen happens, PersonY will only be king can happen. When PersonX be PersonY second happens, PersonY will only be king can happen.",1
"When PersonX could not maintain PersonY happens, PersonX would not have send for PersonY can happen. PersonX would not have send for PersonY is an alternative situation to the danger be imminent. When PersonY could not maintain PersonX happens, PersonY would not have send for PersonX can happen. PersonY would not have send for PersonX is an alternative situation to the danger be imminent. something have happen of importance is an alternative situation to PersonX would not have send for PersonY. something have happen of importance is an alternative situation to PersonY would not have send for PersonX.",1
"When PersonX do not have a reservation happens, the place be not very large can happen. When PersonY do not have a reservation happens, the place be not very large can happen. the place be not very large and the atmosphere be nice share significant difference regarding some property. PersonX do not have a reservation result in PersonX ask for special.",1
"When PersonX do not show 'em happens, PersonX will be dumb can happen. When PersonX hai not happens, PersonX will be dumb can happen. When PeopleX kill PersonX happens, PersonX will be dumb can happen.",1
"When PersonX eat more calorie happens, PersonX can be active can happen. PersonX can be active is an alternative situation to PersonX can be passive. When PersonX burn happens, PersonX eat more calorie can happen. When PersonX will put on weight happens, PersonX eat more calorie can happen.",1
"When PersonX exp happens, the same could be can happen. When PersonY exp happens, the same could be can happen. When PersonX kill enemy happens, the same could be can happen. When PersonY kill enemy happens, the same could be can happen. When PersonY kill enemy happens, PersonY exp can happen. When PersonX kill enemy happens, PersonX exp can happen.",1
"When PersonX have a bigger house happens, PersonX have more money than PersonY can happen. When PersonX have a nicer car happens, PersonX have more money than PersonY can happen. PersonX have more money than PersonY and PersonX could get both happen. When PersonX would be happy happens, PersonX have a bigger house can happen. When PersonX have a nicer car happens, PersonX have a bigger house can happen.",1
"When PersonX have give up on yourself happens, PersonY have not give up on PersonX can happen. PersonY have not give up on PersonX and PersonX can not afford any more mistake share significant difference regarding some property.",1
"When PersonX should not be remove happens, the president should be remove can happen. When PersonY should not be remove happens, the president should be remove can happen.",1
"When PersonX want to be on the safe side happens, all be a week can happen. When PersonY want to be on the safe side happens, all be a week can happen.",1
"When PersonX want to check happens, PeopleX probably have some can happen. When PersonY want to check happens, PeopleX probably have some can happen. When PersonX have use happens, PersonX want to check can happen. When PersonX find a place happens, PersonX want to check can happen.",1
"When PersonX want to keep PersonY happens, PersonX want to look out can happen. PersonX want to look out is an alternative situation to PersonX will get. PersonY get outside and PersonX want to look out share significant difference regarding some property. PersonY get outside happens before PersonX want to look out. PersonY will not pay any attention to anything and PersonX want to look out share significant difference regarding some property. PersonY will not pay any attention to anything happens before PersonX want to look out. PersonY will not pay any attention to anything happens before PersonY get outside.",1
"When PersonX will tell PersonY the price happens, PersonY can leave PersonX a message can happen. PersonY can leave PersonX a message and PersonX will call PersonY back both happen. PersonX will not pick up and PersonY can leave PersonX a message share significant difference regarding some property. PersonX will not pick up and PersonX be not at home both happen. PersonX will not pick up and PersonX be not return PersonY message both happen.",0
"When PersonX would complain happens, PersonX do not work out PersonX can happen. When PersonX eat at restaurant happens, PersonX do not work out PersonX can happen.",1
"When PersonY be in such a tremendous hurry happens, now PersonY can go can happen. now PersonY can go is an alternative situation to PersonX will not lift a finger.",1
"When PersonY be intoxicate happens, PersonX can not let PersonY can happen. When PersonX change happens, PersonX can not let PersonY can happen. PersonX can not let PersonY and PersonX can give a letter to guard share significant difference regarding some property.",1
"When PersonY can not afford a camera happens, PersonY can not afford a dog can happen. When the dog be the reason happens, PersonY can not afford a dog can happen. PersonY can not afford a dog result in PersonY be not get one. PersonY be not get one happens after PeopleX get back to vegas. PersonY be not get one happens because everyone have get one.",1
"When PersonY deserve the praise happens, PersonX do not care about past can happen. PersonX do not care about past and phantom do share significant difference regarding some property. When PersonX do not care about past happens, PersonX do not need to worry about PeopleX can happen. PersonX do not need to worry about PeopleX happens before PersonX get to rank.",1
"When PersonY have room for more happens, PersonY will choose PersonX can happen. PersonY will choose PersonX and PersonY be go to follow PersonX both happen. When PersonY have forget about PersonX happens, PersonY will choose PersonX can happen.",1
"When PersonY live in valley happens, PersonY will be a return customer can happen. When PersonY live in phoenix happens, PersonY will be a return customer can happen. When PersonY ever find myself in vegas again happens, PersonY will be a return customer can happen.",1
"When PersonY live near factory happens, PersonY be in much trouble can happen. When PersonY have doubt happens, the bishop ask PersonY can happen. When PersonY be in much trouble happens, the bishop ask PersonY can happen. When PersonY have any choice happens, the bishop ask PersonY can happen.",1
"When PersonY wear one happens, PersonX wouldnt mind at all can happen. When PeopleX simply cease to exist happens, PersonX wouldnt mind at all can happen.",1
any eye drop happens because PersonX do not like any of PeopleX. any eye drop happens because PersonY do not like any of PeopleX. PersonY do not like any of PeopleX happens because PeopleX can be. PersonX do not like any of PeopleX happens because PeopleX can be.,1
caballero be describe happens the same time as PersonX be on the field. caballero be describe happens the same time as PersonY be on the field.,1
cavalier give way to roundhead and PersonX give way to PersonY both happen. cavalier give way to roundhead and PersonY give way to PersonX both happen. way mail byrnie give way to battle-ax and cavalier give way to roundhead both happen. way mail byrnie give way to battle-ax and PersonX give way to PersonY both happen. way mail byrnie give way to battle-ax and PersonY give way to PersonX both happen. PersonY give way to PersonX and now PersonZ ride to thing both happen. PersonY give way to PersonX and now all be still for the rest of year both happen. PersonX give way to PersonY and now PersonZ ride to thing both happen. PersonX give way to PersonY and now all be still for the rest of year both happen.,0
could PersonY make a guess at income happens after PersonX have come of age. could PersonY make a guess at income happens after PersonX come of age.,1
everyone at table rave about food result in PersonX can probably order anything on menu. everyone at table rave about food result in PersonY can probably order anything on menu. everyone at table rave about food result in PersonX have a great meal.,1
fall oil price allay fear of inflation at time happens the same time as other economic datum suggest. fall oil price allay fear of inflation at time happens the same time as the oft-predicted weakening in economy might be just around the corner. bond price rise happens the same time as other economic datum suggest. bond price rise happens the same time as the oft-predicted weakening in economy might be just around the corner. bond price rise happens the same time as fall oil price allay fear of inflation at time.,1
"hopefully PersonY will never need PeopleX again and PersonY will highly recommend PeopleX to anyone share significant difference regarding some property. hopefully PersonY will never need PeopleX again and PeopleX will be PersonY first phone call share significant difference regarding some property. hopefully PersonY will never need PeopleX again and PersonY be in good hand share significant difference regarding some property. When PersonY will highly recommend PeopleX to anyone happens, PeopleX will be PersonY first phone call can happen.",1
"kung zi be smart is an alternative situation to PersonX would not see PersonY again. kung zi be smart is an alternative situation to PersonY would not see PersonX again. When PersonY can help PeopleX happens, PersonX would not see PersonY again can happen. PersonX would not see PersonY again happens before PersonY be mine all mine.",0
lacombe manage to survive a vicious attack and PersonX have the bad luck share significant difference regarding some property. lacombe manage to survive a vicious attack and PersonY have the bad luck share significant difference regarding some property.,1
lewinsky job prospects macandrews forbes revlon be kaput happens before vernon jordan make the call. lewinsky job prospects macandrews forbes revlon be kaput happens before vernon jordan resurrect PersonX chance. lewinsky job prospects macandrews forbes revlon be kaput happens before vernon jordan resurrect PersonY chance.,1
"maybe PeopleX should not go in way happens because PersonX have to be back. maybe PeopleX should not go in way happens because PersonY have to be back. PersonY have to be back happens before lunch be over. When PersonX be in town happens, PersonX have to be back can happen. PersonX have to be back happens before lunch be over. PersonX have to be back result in PersonY wan na go.",1
maybe PeopleX will not be rich and PeopleX will have something share significant difference regarding some property. maybe PeopleX will not be rich and PeopleX will have a better life share significant difference regarding some property. PeopleX will have something happens because PeopleX can say. PeopleX will have something is an alternative situation to PersonX be mistaken. PeopleX will have something is an alternative situation to PersonY be mistaken.,0
moment PersonY stare at PeopleX happens before PersonY quietly close the door. moment PersonY stare at PeopleX happens before PersonY cross the room.,1
"no idea PersonX be talk about result in PersonX take the time. no idea PersonX be talk about and PersonX do not believe PersonY share significant difference regarding some property. no idea PersonX be talk about result in PersonX get angry. When no idea PersonX be talk about happens, the cardano project be bad can happen. When no idea PersonY be talk about happens, the cardano project be bad can happen.",1
no one really care about PersonX result in PeopleX can really know. no one really care about PersonX happens before PersonX be useful. no one really care about PersonX happens before PersonX think of PeopleX. PeopleX can really know is an alternative situation to PeopleY will back down.,1
one must not do wrong happens because PersonX should be. one must not do wrong happens because PersonY should be.,1
people can not see PersonX post is an alternative situation to PersonX be private. people can not see PersonX post is an alternative situation to PeopleX follow PersonX.,1
rose be very upset happens because PersonX would have a bad day at work. rose be very upset happens because PersonY would have a bad day at work. rose be very upset happens because PersonX have a bad day at work. PersonX have a bad day at work and PersonX boyfriend hear both happen.,0
school get out result in PersonX go ahead. school get out result in PersonY go ahead. school get out result in PersonY need to upgrade. PersonY barely play the game anymore happens after school get out. PersonY barely play the game anymore happens after PersonY go ahead. PersonY barely play the game anymore happens after PersonY need to upgrade.,0
should PersonY leave PersonX alone is an alternative situation to PersonZ wake up. should PersonY leave PersonX alone is an alternative situation to would PersonX prefer to find a way out hole.,1
something be not good result in PeopleX could not ask for more. something be not good result in PersonX be not completely sure. something be not good result in PersonY be not completely sure. PeopleX could not ask for more happens because PeopleX be finish.,1
species be not immutable happens because mutation can occur. species be not immutable and the acknowledged variety of species be the descendant of species share significant difference regarding some property.,1
"stop talk crap is an alternative situation to PersonX will break PersonY neck. stop talk crap is an alternative situation to PersonY will break PersonX neck. PersonX will break PersonY neck result in PersonY can watch PersonY back. When PersonY do not act better happens, PersonX will break PersonY neck can happen. When PersonY try to scare PersonX happens, PersonX will break PersonY neck can happen.",1
the charge stick result in PeopleX put a label on PersonX for trip. the charge stick result in PeopleX put a label on PersonY for trip. the charge stick result in PersonX just drop off the radar.,1
"the first thing be offer a sample happens the same time as PersonX be help other people. the first thing be offer a sample happens the same time as PersonY be help other people. When PersonX want to go happens, PersonX be help other people can happen. When PersonY will not feel bad happens, PersonX be help other people can happen. When PersonX be do fine happens, PersonX be help other people can happen.",1
the law require the victim result in a PersonX rape a PersonY. the law require the victim result in a PersonY rape a PersonX. a PersonY rape a PersonX and PersonZ have sex share significant difference regarding some property. a PersonX rape a PersonY and PersonZ have sex share significant difference regarding some property. a PersonX rape a PersonY and a PersonY want a abortion share significant difference regarding some property. a PersonX rape a PersonY and a PersonY get pregnant share significant difference regarding some property.,0
the moment of truth arrive happens the same time as the spade ace be cash. the moment of truth arrive happens the same time as south lead the singleton club. the moment of truth arrive happens the same time as PersonX shift to diamond. PeopleX will show PeopleX mettle happens the same time as the moment of truth arrive. PeopleX will show PeopleX mettle happens the same time as the moment of truth arrive for life.,1
the result be announce happens after the market close. the result be announce happens after the stock market close. demand for note remain strong happens after the auction result be announce. demand for note remain strong happens after the result be announce.,1
thing will not improve is an alternative situation to PersonX pay more attention to PersonY. thing will not improve is an alternative situation to PersonY pay more attention to PersonX.,1
whom PeopleX have speak happens because PersonX be so tall. whom PeopleX have speak happens because PersonY be so tall. whom PeopleX have speak happens because no horse could bear PersonX.,1
